year,area_fips,state,employment,establishments,total_wages,avg_annual_pay,avg_weekly_wage,oty_annual_avg_emplvl_chg,oty_annual_avg_emplvl_pct_chg,oty_total_annual_wages_chg,oty_total_annual_wages_pct_chg,oty_avg_annual_pay_chg,oty_avg_annual_pay_pct_chg
2015,01000,Alabama,1890340,119251,83690526044,44273,851,26779,1.4,3022173057,3.7,986,2.3
2015,02000,Alaska,331681,22217,18161200730,54755,1053,1576,0.5,527731997,3.0,1337,2.5
2015,04000,Arizona,2609770,148593,125093835875,47933,922,70517,2.8,5955601423,5.0,1014,2.2
2015,05000,Arkansas,1177884,87922,48169462829,40895,786,20254,1.7,1893612161,4.1,920,2.3
2015,06000,California,16295204,1416493,1005383368506,61698,1187,486122,3.1,71978510713,7.7,2656,4.5
2015,08000,Colorado,2494450,186114,135154554435,54182,1042,76715,3.2,7680950764,6.0,1458,2.8
2015,09000,Connecticut,1662825,115612,108965519057,65530,1260,9252,0.6,3271227535,3.1,1611,2.5
2015,10000,Delaware,433748,30883,23418619016,53991,1038,10150,2.4,878152268,3.9,779,1.5
2015,11000,District of Columbia,743596,37997,65554574936,88159,1695,14247,2.0,2920535775,4.7,2282,2.7
2015,12000,Florida,8039635,642518,371909697592,46260,890,284264,3.7,24449192568,7.0,1457,3.3
2015,13000,Georgia,4151011,288777,205685349321,49551,953,118523,2.9,11569127396,6.0,1413,2.9
2015,15000,Hawaii,637854,39077,29927221535,46919,902,11708,1.9,1619241159,5.7,1709,3.8
2015,16000,Idaho,664792,56029,25831993927,38857,747,18487,2.9,1283707390,5.2,875,2.3
2015,17000,Illinois,5848451,403205,327449431132,55989,1077,86295,1.5,15682764966,5.0,1883,3.5
2015,18000,Indiana,2941991,159303,129163330691,43903,844,51233,1.8,6152817701,5.0,1350,3.2
2015,19000,Iowa,1530234,100264,67476366849,44095,848,14412,1.0,2995886713,4.6,1557,3.7
2015,20000,Kansas,1367329,86786,59995257236,43878,844,10239,0.8,2026261111,3.5,1162,2.7
2015,21000,Kentucky,1835550,122322,79597781449,43365,834,28482,1.6,3807931399,5.0,1424,3.4
2015,22000,Louisiana,1930688,125264,88672856995,45928,883,6943,0.4,1457812631,1.7,592,1.3
2015,23000,Maine,595889,50769,24902558186,41791,804,5512,0.9,1026400765,4.3,1349,3.3
2015,24000,Maryland,2591189,168788,148154200912,57176,1100,38566,1.5,6766339547,4.8,1787,3.2
2015,25000,Massachusetts,3428020,237928,228622040012,66692,1283,67985,2.0,13234814990,6.1,2589,4.0
2015,26000,Michigan,4161641,238969,208346301323,50063,963,71632,1.8,10035595176,5.1,1576,3.3
2015,27000,Minnesota,2776684,160615,148626860539,53527,1029,46383,1.7,7737438116,5.5,1925,3.7
2015,28000,Mississippi,1114379,71761,41947816994,37642,724,11776,1.1,1029504213,2.5,531,1.4
2015,29000,Missouri,2715579,191647,123736170491,45565,876,47583,1.8,5655458635,4.8,1307,3.0
2015,30000,Montana,448688,45032,17972858779,40056,770,8490,1.9,858778737,5.0,1178,3.0
2015,31000,Nebraska,959176,70816,41104568994,42854,824,13066,1.4,2139304019,5.5,1669,4.1
2015,32000,Nevada,1244635,78902,56928002121,45739,880,42160,3.5,3144937815,5.8,1012,2.3
2015,33000,New Hampshire,636806,50660,33466349736,52553,1011,10240,1.6,1408125579,4.4,1388,2.7
2015,34000,New Jersey,3889975,259277,242597322727,62365,1199,48121,1.3,9792693523,4.2,1768,2.9
2015,35000,New Mexico,806762,56911,34331801194,42555,818,7850,1.0,837042151,2.5,630,1.5
2015,36000,New York,9014385,627270,608659478059,67521,1298,167611,1.9,25832804778,4.4,1641,2.5
2015,37000,North Carolina,4161654,266421,193641507123,46530,895,104215,2.6,11165215741,6.1,1557,3.5
2015,38000,North Dakota,437072,32140,22157837905,50696,975,-7580,-1.7,-454784852,-2.0,-159,-0.3
2015,39000,Ohio,5257971,290876,247893602389,47146,907,74509,1.4,9452340017,4.0,1146,2.5
2015,40000,Oklahoma,1594011,108626,70624033132,44306,852,11299,0.7,1343580351,1.9,533,1.2
2015,41000,Oregon,1787398,141395,86380773995,48328,929,61492,3.6,6076163573,7.6,1799,3.9
2015,42000,Pennsylvania,5691613,349719,297028515768,52187,1004,47170,0.8,11603313522,4.1,1620,3.2
2015,44000,Rhode Island,469981,36347,23804907855,50651,974,6678,1.4,965446666,4.2,1354,2.7
2015,45000,South Carolina,1949881,122383,81898968642,42002,808,54461,2.9,4572022384,5.9,1205,3.0
2015,46000,South Dakota,416020,32486,16716037613,40181,773,5091,1.2,817231240,5.1,1491,3.9
2015,47000,Tennessee,2820198,150237,131820633023,46742,899,70166,2.6,7513882364,6.0,1540,3.4
2015,48000,Texas,11655919,639721,632692811685,54281,1044,276735,2.4,27119476672,4.5,1063,2.0
2015,49000,Utah,1340591,93169,59412879512,44318,852,48732,3.8,3938204665,7.1,1376,3.2
2015,50000,Vermont,307058,24624,13582300243,44234,851,2586,0.8,482357334,3.7,1209,2.8
2015,51000,Virginia,3735713,254270,202759145166,54276,1044,80882,2.2,9313781721,4.8,1347,2.5
2015,53000,Washington,3122749,239221,176938375032,56661,1090,79187,2.6,9493845606,5.7,1645,3.0
2015,54000,West Virginia,696195,50156,29050437756,41727,802,-4651,-0.7,174630513,0.6,526,1.3
2015,55000,Wisconsin,2794170,166922,126758432162,45365,872,35674,1.3,5856062933,4.8,1536,3.5
2015,56000,Wyoming,282667,26097,13089327101,46306,891,-1727,-0.6,-132732898,-1.0,-186,-0.4
2016,01000,Alabama,1915306,122310,85866639650,44832,862,24966,1.3,2176113606,2.6,559,1.3
2016,02000,Alaska,326295,22045,17491177742,53605,1031,-5386,-1.6,-670022988,-3.7,-1150,-2.1
2016,04000,Arizona,2680065,152210,130045578955,48523,933,70295,2.7,4951743080,4.0,590,1.2
2016,05000,Arkansas,1191763,88435,49542892591,41571,799,13879,1.2,1373429762,2.9,676,1.7
2016,06000,California,16718647,1471110,1052676812182,62964,1211,423443,2.6,47293443676,4.7,1266,2.1
2016,08000,Colorado,2552503,191895,139529388792,54664,1051,58053,2.3,4374834357,3.2,482,0.9
2016,09000,Connecticut,1666554,116805,109775385703,65870,1267,3729,0.2,809866646,0.7,340,0.5
2016,10000,Delaware,438238,31715,23561790659,53765,1034,4490,1.0,143171643,0.6,-226,-0.4
2016,11000,District of Columbia,756646,38866,67705586968,89481,1721,13050,1.8,2151012032,3.3,1322,1.5
2016,12000,Florida,8309351,658095,390833644456,47035,905,269716,3.4,18923946864,5.1,775,1.7
2016,13000,Georgia,4262937,298477,216027161792,50676,975,111926,2.7,10341812471,5.0,1125,2.3
2016,15000,Hawaii,647545,39740,31197425920,48178,927,9691,1.5,1270204385,4.2,1259,2.7
2016,16000,Idaho,687919,58858,27266829518,39637,762,23127,3.5,1434835591,5.6,780,2.0
2016,17000,Illinois,5895633,396865,332791377619,56447,1086,47182,0.8,5341946487,1.6,458,0.8
2016,18000,Indiana,2987091,162216,133193032831,44590,857,45100,1.5,4029702140,3.1,687,1.6
2016,19000,Iowa,1539752,101159,69149704422,44910,864,9518,0.6,1673337573,2.5,815,1.8
2016,20000,Kansas,1370665,90065,60503442159,44142,849,3336,0.2,508184923,0.8,264,0.6
2016,21000,Kentucky,1861063,123556,82070991980,44099,848,25513,1.4,2473210531,3.1,734,1.7
2016,22000,Louisiana,1908397,127995,87065802281,45622,877,-22291,-1.2,-1607054714,-1.8,-306,-0.7
2016,23000,Maine,603785,52931,25718853069,42596,819,7896,1.3,816294883,3.3,805,1.9
2016,24000,Maryland,2627172,170931,152655135759,58106,1117,35983,1.4,4500934847,3.0,930,1.6
2016,25000,Massachusetts,3494553,246651,235645655346,67432,1297,66533,1.9,7023615334,3.1,740,1.1
2016,26000,Michigan,4242537,241084,216125551622,50943,980,80896,1.9,7779250299,3.7,880,1.8
2016,27000,Minnesota,2815248,161015,152860593323,54297,1044,38564,1.4,4233732784,2.8,770,1.4
2016,28000,Mississippi,1124854,73173,42906872958,38144,734,10475,0.9,959055964,2.3,502,1.3
2016,29000,Missouri,2755477,194161,127089366308,46122,887,39898,1.5,3353195817,2.7,557,1.2
2016,30000,Montana,454819,46017,18518295323,40716,783,6131,1.4,545436544,3.0,660,1.6
2016,31000,Nebraska,968601,72080,42228347783,43597,838,9425,1.0,1123778789,2.7,743,1.7
2016,32000,Nevada,1283642,81479,60477930618,47114,906,39007,3.1,3549928497,6.2,1375,3.0
2016,33000,New Hampshire,647347,51393,34673889131,53563,1030,10541,1.7,1207539395,3.6,1010,1.9
2016,34000,New Jersey,3953972,262798,248217759713,62777,1207,63997,1.6,5620436986,2.3,412,0.7
2016,35000,New Mexico,807387,58215,34393801441,42599,819,625,0.1,62000247,0.2,44,0.1
2016,36000,New York,9154025,632559,621920269628,67940,1307,139640,1.5,13260791569,2.2,419,0.6
2016,37000,North Carolina,4259276,268897,201332320000,47269,909,97622,2.3,7690812877,4.0,739,1.6
2016,38000,North Dakota,417119,32086,20386039408,48873,940,-19953,-4.6,-1771798497,-8.0,-1823,-3.6
2016,39000,Ohio,5319679,293074,253749320704,47700,917,61708,1.2,5855718315,2.4,554,1.2
2016,40000,Oklahoma,1575978,109138,69195560185,43906,844,-18033,-1.1,-1428472947,-2.0,-400,-0.9
2016,41000,Oregon,1840874,145178,91075370173,49474,951,53476,3.0,4694596178,5.4,1146,2.4
2016,42000,Pennsylvania,5737759,352589,301001331279,52460,1009,46146,0.8,3972815511,1.3,273,0.5
2016,44000,Rhode Island,473406,36862,24358279051,51453,989,3425,0.7,553371196,2.3,802,1.6
2016,45000,South Carolina,1996297,124928,85603775160,42881,825,46416,2.4,3704806518,4.5,879,2.1
2016,46000,South Dakota,420460,32980,17313671349,41178,792,4440,1.1,597633736,3.6,997,2.5
2016,47000,Tennessee,2887754,153158,136887815805,47403,912,67556,2.4,5067182782,3.8,661,1.4
2016,48000,Texas,11805698,658759,641439466502,54333,1045,149779,1.3,8746654817,1.4,52,0.1
2016,49000,Utah,1388878,95901,62853113351,45255,870,48287,3.6,3440233839,5.8,937,2.1
2016,50000,Vermont,308044,25043,13871281432,45030,866,986,0.3,288981189,2.1,796,1.8
2016,51000,Virginia,3789744,264329,207814620813,54836,1055,54031,1.4,5055475647,2.5,560,1.0
2016,53000,Washington,3215014,241736,189762202361,59024,1135,92265,3.0,12823827329,7.2,2363,4.2
2016,54000,West Virginia,684322,50017,28512593064,41665,801,-11873,-1.7,-537844692,-1.9,-62,-0.1
2016,55000,Wisconsin,2828166,169000,130119231107,46008,885,33996,1.2,3360798945,2.7,643,1.4
2016,56000,Wyoming,271813,26047,12224505252,44974,865,-10854,-3.8,-864821849,-6.6,-1332,-2.9
2017,01000,Alabama,1936819,124881,89088710816,45997,885,21513,1.1,3222071166,3.8,1165,2.6
2017,02000,Alaska,322136,21789,17303197044,53714,1033,-4159,-1.3,-187980698,-1.1,109,0.2
2017,04000,Arizona,2747638,157531,137782584614,50146,964,67573,2.5,7737005659,5.9,1623,3.3
2017,05000,Arkansas,1200542,89291,51573741418,42959,826,8779,0.7,2030848827,4.1,1388,3.3
2017,06000,California,17019702,1515798,1120858375295,65857,1266,301055,1.8,68181563113,6.5,2893,4.6
2017,08000,Colorado,2609770,198720,148532901790,56914,1095,57267,2.2,9003512998,6.5,2250,4.1
2017,09000,Connecticut,1669616,118612,111257378942,66636,1281,3062,0.2,1481993239,1.4,766,1.2
2017,10000,Delaware,441873,31962,24668830510,55828,1074,3635,0.8,1107039851,4.7,2063,3.8
2017,11000,District of Columbia,763847,39939,70689369355,92544,1780,7201,1.0,2983782387,4.4,3063,3.4
2017,12000,Florida,8494623,673498,411607220660,48455,932,185272,2.2,20773576204,5.3,1420,3.0
2017,13000,Georgia,4346453,273853,226835537083,52189,1004,83516,2.0,10808375291,5.0,1513,3.0
2017,15000,Hawaii,654185,41078,32494225407,49671,955,6640,1.0,1296799487,4.2,1493,3.1
2017,16000,Idaho,706820,61174,29223460392,41345,795,18901,2.7,1956630874,7.2,1708,4.3
2017,17000,Illinois,5934549,362259,344033116006,57971,1115,38916,0.7,11241738387,3.4,1524,2.7
2017,18000,Indiana,3018177,164727,139414134578,46192,888,31086,1.0,6221101747,4.7,1602,3.6
2017,19000,Iowa,1540435,101609,70973486797,46074,886,683,0.0,1823782375,2.6,1164,2.6
2017,20000,Kansas,1371633,88815,61883009214,45116,868,968,0.1,1379567055,2.3,974,2.2
2017,21000,Kentucky,1874455,121431,84660893346,45166,869,13392,0.7,2589901366,3.2,1067,2.4
2017,22000,Louisiana,1907721,130466,88709277525,46500,894,-676,0.0,1643475244,1.9,878,1.9
2017,23000,Maine,609271,53934,26753956609,43911,844,5486,0.9,1035103540,4.0,1315,3.1
2017,24000,Maryland,2653569,172188,158159861804,59603,1146,26397,1.0,5504726045,3.6,1497,2.6
2017,25000,Massachusetts,3543383,252761,247784676330,69929,1345,48830,1.4,12139020984,5.2,2497,3.7
2017,26000,Michigan,4294711,244908,225417449211,52487,1009,52174,1.2,9291897589,4.3,1544,3.0
2017,27000,Minnesota,2856105,167815,160342021280,56140,1080,40857,1.5,7481427957,4.9,1843,3.4
2017,28000,Mississippi,1128498,73073,43772163354,38788,746,3644,0.3,865290396,2.0,644,1.7
2017,29000,Missouri,2781242,205150,131730999233,47364,911,25765,0.9,4641632925,3.7,1242,2.7
2017,30000,Montana,459431,48777,19316716816,42045,809,4612,1.0,798421493,4.3,1329,3.3
2017,31000,Nebraska,972764,72292,43629692705,44851,863,4163,0.4,1401344922,3.3,1254,2.9
2017,32000,Nevada,1326151,79585,63822733484,48126,926,42509,3.3,3344802866,5.5,1012,2.1
2017,33000,New Hampshire,653487,51894,36032079450,55138,1060,6140,0.9,1358190319,3.9,1575,2.9
2017,34000,New Jersey,4006799,265159,256601910659,64042,1232,52827,1.3,8384150946,3.4,1265,2.0
2017,35000,New Mexico,810516,58104,35285935231,43535,837,3129,0.4,892133790,2.6,936,2.2
2017,36000,New York,9276868,637802,655705360630,70682,1359,122843,1.3,33785091002,5.4,2742,4.0
2017,37000,North Carolina,4330606,273334,211852325721,48920,941,71330,1.7,10520005721,5.2,1651,3.5
2017,38000,North Dakota,414038,31917,20831602133,50313,968,-3081,-0.7,445562725,2.2,1440,2.9
2017,39000,Ohio,5364626,296022,263689018977,49153,945,44947,0.8,9939698273,3.9,1453,3.0
2017,40000,Oklahoma,1581198,110316,71345267854,45121,868,5220,0.3,2149707669,3.1,1215,2.8
2017,41000,Oregon,1883407,149973,96276547821,51118,983,42533,2.3,5201177648,5.7,1644,3.3
2017,42000,Pennsylvania,5799123,354024,313152367046,54000,1038,61364,1.1,12151035767,4.0,1540,2.9
2017,44000,Rhode Island,477362,37355,25223781014,52840,1016,3956,0.8,865501963,3.6,1387,2.7
2017,45000,South Carolina,2035341,129036,89914574322,44177,850,39044,2.0,4310799162,5.0,1296,3.0
2017,46000,South Dakota,422489,33279,17927118960,42432,816,2029,0.5,613447611,3.5,1254,3.0
2017,47000,Tennessee,2930932,156905,143089210313,48820,939,43178,1.5,6201394508,4.5,1417,3.0
2017,48000,Texas,12014802,677345,670360614864,55795,1073,209104,1.8,28921148362,4.5,1462,2.7
2017,49000,Utah,1430588,98903,66629721895,46575,896,41710,3.0,3776608544,6.0,1320,2.9
2017,50000,Vermont,309442,25525,14291898153,46186,888,1398,0.5,420616721,3.0,1156,2.6
2017,51000,Virginia,3838368,270073,216880125573,56503,1087,48624,1.3,9065504760,4.4,1667,3.0
2017,53000,Washington,3290209,242082,204126405531,62041,1193,75195,2.3,14364203170,7.6,3017,5.1
2017,54000,West Virginia,683807,50303,29690517680,43419,835,-515,-0.1,1177924616,4.1,1754,4.2
2017,55000,Wisconsin,2850145,171716,134635668564,47238,908,21979,0.8,4516437457,3.5,1230,2.7
2017,56000,Wyoming,269586,26125,12473883938,46270,890,-2227,-0.8,249378686,2.0,1296,2.9
2018,01000,Alabama,1961625,127260,93007888078,47414,912,24806,1.3,3919177262,4.4,1417,3.1
2018,02000,Alaska,321078,21829,17873875642,55668,1071,-1058,-0.3,570678598,3.3,1954,3.6
2018,04000,Arizona,2826095,159408,146576802491,51865,997,78457,2.9,8794217877,6.4,1719,3.4
2018,05000,Arkansas,1211021,90444,53224511447,43950,845,10479,0.9,1650770029,3.2,991,2.3
2018,06000,California,17355855,1553799,1188490487985,68478,1317,336153,2.0,67632112690,6.0,2621,4.0
2018,08000,Colorado,2674030,205137,157609756724,58941,1133,64260,2.5,9076854934,6.1,2027,3.6
2018,09000,Connecticut,1673925,120871,113395352138,67742,1303,4309,0.3,2137973196,1.9,1106,1.7
2018,10000,Delaware,447075,33147,25399918476,56814,1093,5202,1.2,731087966,3.0,986,1.8
2018,11000,District of Columbia,771750,39695,74017426960,95909,1844,7903,1.0,3328057605,4.7,3365,3.6
2018,12000,Florida,8700654,690555,435852946024,50094,963,206031,2.4,24245725364,5.9,1639,3.4
2018,13000,Georgia,4430136,278738,236992417282,53496,1029,83683,1.9,10156880199,4.5,1307,2.5
2018,15000,Hawaii,658341,42174,33560268342,50977,980,4156,0.6,1066042935,3.3,1306,2.6
2018,16000,Idaho,730716,63632,31334298545,42882,825,23896,3.4,2110838153,7.2,1537,3.7
2018,17000,Illinois,5973316,367100,358046251652,59941,1153,38767,0.7,14013135646,4.1,1970,3.4
2018,18000,Indiana,3051879,167627,145240153691,47590,915,33702,1.1,5826019113,4.2,1398,3.0
2018,19000,Iowa,1549958,102889,73639645008,47511,914,9523,0.6,2666158211,3.8,1437,3.1
2018,20000,Kansas,1383119,88793,64462639941,46607,896,11486,0.8,2579630727,4.2,1491,3.3
2018,21000,Kentucky,1884653,122313,87262956909,46302,890,10198,0.5,2602063563,3.1,1136,2.5
2018,22000,Louisiana,1921498,131999,92455217040,48116,925,13777,0.7,3745939515,4.2,1616,3.5
2018,23000,Maine,615271,52856,27914742606,45370,872,6000,1.0,1160785997,4.3,1459,3.3
2018,24000,Maryland,2679064,173354,163828734277,61151,1176,25495,1.0,5668872473,3.6,1548,2.6
2018,25000,Massachusetts,3586034,257444,260369109877,72606,1396,42651,1.2,12584433547,5.1,2677,3.8
2018,26000,Michigan,4340045,248439,233509319839,53803,1035,45334,1.1,8091870628,3.6,1316,2.5
2018,27000,Minnesota,2882944,175640,167230549906,58007,1116,26839,0.9,6888528626,4.3,1867,3.3
2018,28000,Mississippi,1130786,73797,44961734902,39762,765,2288,0.2,1189571548,2.7,974,2.5
2018,29000,Missouri,2794483,200530,137078235485,49053,943,13241,0.5,5347236252,4.1,1689,3.6
2018,30000,Montana,464818,50116,20176346125,43407,835,5387,1.2,859629309,4.5,1362,3.2
2018,31000,Nebraska,978066,71615,45247269661,46262,890,5302,0.5,1617576956,3.7,1411,3.1
2018,32000,Nevada,1371030,80911,68607709579,50041,962,44879,3.4,4784976095,7.5,1915,4.0
2018,33000,New Hampshire,658836,52613,37410042403,56782,1092,5349,0.8,1377962953,3.8,1644,3.0
2018,34000,New Jersey,4043517,268606,265769693803,65727,1264,36718,0.9,9167783144,3.6,1685,2.6
2018,35000,New Mexico,822351,60287,37143471078,45167,869,11835,1.5,1857535847,5.3,1632,3.7
2018,36000,New York,9432830,638891,687657576168,72900,1402,155962,1.7,31952215538,4.9,2218,3.1
2018,37000,North Carolina,4410791,278142,223872956323,50756,976,80185,1.9,12020630602,5.7,1836,3.8
2018,38000,North Dakota,417578,31881,21862827744,52356,1007,3540,0.9,1031225611,5.0,2043,4.1
2018,39000,Ohio,5405891,297482,273392961775,50573,973,41265,0.8,9703942798,3.7,1420,2.9
2018,40000,Oklahoma,1605887,110574,75038160729,46727,899,24689,1.6,3692892875,5.2,1606,3.6
2018,41000,Oregon,1920804,154521,101905042305,53053,1020,37397,2.0,5628494484,5.8,1935,3.8
2018,42000,Pennsylvania,5867783,355798,326411024662,55628,1070,68660,1.2,13258657616,4.2,1628,3.0
2018,44000,Rhode Island,481569,38005,25877535359,53736,1033,4207,0.9,653754345,2.6,896,1.7
2018,45000,South Carolina,2091683,132343,93559119095,44729,860,56342,2.8,3644544773,4.1,552,1.2
2018,46000,South Dakota,426927,33720,18653937417,43694,840,4438,1.1,726818457,4.1,1262,3.0
2018,47000,Tennessee,2976889,161696,150182574062,50450,970,45957,1.6,7093363749,5.0,1630,3.3
2018,48000,Texas,12302358,695268,710420105638,57747,1111,287556,2.4,40059490774,6.0,1952,3.5
2018,49000,Utah,1478493,103577,71726471120,48513,933,47905,3.3,5096749225,7.6,1938,4.2
2018,50000,Vermont,310334,25661,14784183719,47640,916,892,0.3,492285566,3.4,1454,3.1
2018,51000,Virginia,3893254,278349,226740214421,58239,1120,54886,1.4,9860088848,4.5,1736,3.1
2018,53000,Washington,3372533,248977,222986994000,66119,1272,82324,2.5,18860588469,9.2,4078,6.6
2018,54000,West Virginia,693478,51121,31983383577,46120,887,9671,1.4,2292865897,7.7,2701,6.2
2018,55000,Wisconsin,2876534,175065,140582280421,48872,940,26389,0.9,5946611857,4.4,1634,3.5
2018,56000,Wyoming,272171,26355,13080283494,48059,924,2585,1.0,606399556,4.9,1789,3.9
2019,01000,Alabama,1989555,129465,97168689833,48839,939,27930,1.4,4160801755,4.5,1425,3.0
2019,02000,Alaska,323695,22117,18618447628,57518,1106,2617,0.8,744571986,4.2,1850,3.3
2019,04000,Arizona,2908826,164808,156514188298,53807,1035,82731,2.9,9937385807,6.8,1942,3.7
2019,05000,Arkansas,1218106,91905,55359991804,45448,874,7085,0.6,2135480357,4.0,1498,3.4
2019,06000,California,17631489,1589417,1258022741997,71351,1372,275634,1.6,69532254012,5.9,2873,4.2
2019,08000,Colorado,2736105,210965,169145247148,61820,1189,62075,2.3,11535490424,7.3,2879,4.9
2019,09000,Connecticut,1670704,122995,116566740537,69771,1342,-3221,-0.2,3171388399,2.8,2029,3.0
2019,10000,Delaware,452776,34416,26478078304,58479,1125,5701,1.3,1078159828,4.2,1665,2.9
2019,11000,District of Columbia,776041,40713,76091510618,98051,1886,4291,0.6,2074083658,2.8,2142,2.2
2019,12000,Florida,8884066,717855,459669782127,51741,995,183412,2.1,23816836103,5.5,1647,3.3
2019,13000,Georgia,4513028,288579,249402757251,55263,1063,82892,1.9,12410339969,5.2,1767,3.3
2019,15000,Hawaii,659045,44048,34722148958,52686,1013,704,0.1,1161880616,3.5,1709,3.4
2019,16000,Idaho,752351,63424,33302160313,44264,851,21635,3.0,1967861768,6.3,1382,3.2
2019,17000,Illinois,5995905,374453,369178606975,61572,1184,22589,0.4,11132355323,3.1,1631,2.7
2019,18000,Indiana,3077767,168916,150173157764,48793,938,25888,0.8,4933004073,3.4,1203,2.5
2019,19000,Iowa,1553350,104258,75603941237,48672,936,3392,0.2,1964296229,2.7,1161,2.4
2019,20000,Kansas,1393184,87515,66956751766,48060,924,10065,0.7,2494111825,3.9,1453,3.1
2019,21000,Kentucky,1897896,122908,90572355860,47723,918,13243,0.7,3309398951,3.8,1421,3.1
2019,22000,Louisiana,1923825,134744,94817020382,49286,948,2327,0.1,2361803342,2.6,1170,2.4
2019,23000,Maine,621691,53538,29336314413,47188,907,6420,1.0,1421571807,5.1,1818,4.0
2019,24000,Maryland,2698113,176160,169915697555,62976,1211,19049,0.7,6086963278,3.7,1825,3.0
2019,25000,Massachusetts,3636617,261238,274213680976,75404,1450,50583,1.4,13844571099,5.3,2798,3.9
2019,26000,Michigan,4358167,261511,239578098178,54972,1057,18122,0.4,6068778339,2.6,1169,2.2
2019,27000,Minnesota,2902225,178313,173058665040,59630,1147,19281,0.7,5828115134,3.5,1623,2.8
2019,28000,Mississippi,1135598,73760,46203919689,40687,782,4812,0.4,1242184787,2.8,925,2.3
2019,29000,Missouri,2812888,208913,142152427672,50536,972,18405,0.7,5074192187,3.7,1483,3.0
2019,30000,Montana,470525,50141,21118415777,44883,863,5707,1.2,942069652,4.7,1476,3.4
2019,31000,Nebraska,982504,71399,47016744116,47854,920,4438,0.5,1769474455,3.9,1592,3.4
2019,32000,Nevada,1408753,82637,72441208156,51422,989,37723,2.8,3833498577,5.6,1381,2.8
2019,33000,New Hampshire,665320,53672,39035013093,58671,1128,6484,1.0,1624970690,4.3,1889,3.3
2019,34000,New Jersey,4083014,277044,275048324995,67364,1295,39497,1.0,9278631192,3.5,1637,2.5
2019,35000,New Mexico,836674,62865,39359958018,47043,905,14323,1.7,2216486940,6.0,1876,4.2
2019,36000,New York,9542899,643213,719200957175,75365,1449,110069,1.2,31543381007,4.6,2465,3.4
2019,37000,North Carolina,4498572,286744,235631414489,52379,1007,87781,2.0,11758458166,5.3,1623,3.2
2019,38000,North Dakota,422837,31897,22876258409,54102,1040,5259,1.3,1013430665,4.6,1746,3.3
2019,39000,Ohio,5439352,301813,283525790627,52125,1002,33461,0.6,10132828852,3.7,1552,3.1
2019,40000,Oklahoma,1622058,111608,77896892588,48023,924,16171,1.0,2858731859,3.8,1296,2.8
2019,41000,Oregon,1953467,158282,107486136442,55023,1058,32663,1.7,5581094137,5.5,1970,3.7
2019,42000,Pennsylvania,5925588,359117,340705442241,57497,1106,57805,1.0,14294417579,4.4,1869,3.4
2019,44000,Rhode Island,485638,38871,26670056398,54918,1056,4069,0.8,792521039,3.1,1182,2.2
2019,45000,South Carolina,2129271,140545,98761752423,46383,892,37588,1.8,5202633328,5.6,1654,3.7
2019,46000,South Dakota,430117,34232,19419627176,45150,868,3190,0.7,765689759,4.1,1456,3.3
2019,47000,Tennessee,3032893,166368,156806692246,51702,994,56004,1.9,6624118184,4.4,1252,2.5
2019,48000,Texas,12590406,714982,752827549706,59794,1150,288048,2.3,42407444068,6.0,2047,3.5
2019,49000,Utah,1520688,108070,77199087811,50766,976,42195,2.9,5472616691,7.6,2253,4.6
2019,50000,Vermont,310611,25970,15324483384,49337,949,277,0.1,540299665,3.7,1697,3.6
2019,51000,Virginia,3938841,280066,237119277133,60200,1158,45587,1.2,10379062712,4.6,1961,3.4
2019,53000,Washington,3439158,253429,239341412612,69593,1338,66625,2.0,16354418612,7.3,3474,5.3
2019,54000,West Virginia,688761,50998,32108866893,46618,897,-4717,-0.7,125483316,0.4,498,1.1
2019,55000,Wisconsin,2887018,176205,145541835540,50413,969,10484,0.4,4959555119,3.5,1541,3.2
2019,56000,Wyoming,277114,26730,13822559144,49880,959,4943,1.8,742275650,5.7,1821,3.8
2020,01000,Alabama,1909145,132126,99675713076,52210,1004,-80410,-4.0,2507023243,2.6,3371,6.9
2020,02000,Alaska,297429,22594,18360423588,61730,1187,-26266,-8.1,-258024040,-1.4,4212,7.3
2020,04000,Arizona,2823760,169862,164982395165,58426,1124,-85066,-2.9,8468206867,5.4,4619,8.6
2020,05000,Arkansas,1174632,93392,57172044607,48672,936,-43474,-3.6,1812052803,3.3,3224,7.1
2020,06000,California,16378059,1621590,1301732881932,79480,1528,-1253430,-7.1,43710139935,3.5,8129,11.4
2020,08000,Colorado,2602371,218502,173446129186,66649,1282,-133734,-4.9,4300882038,2.5,4829,7.8
2020,09000,Connecticut,1545338,124952,116390079703,75317,1448,-125366,-7.5,-176660834,-0.2,5546,7.9
2020,10000,Delaware,426661,35242,26649926029,62462,1201,-26115,-5.8,171847725,0.6,3983,6.8
2020,11000,District of Columbia,726083,42535,77744943402,107075,2059,-49958,-6.4,1653432784,2.2,9024,9.2
2020,12000,Florida,8447957,746409,471967577793,55868,1074,-436109,-4.9,12297795666,2.7,4127,8.0
2020,13000,Georgia,4307139,309584,253619549201,58884,1132,-205889,-4.6,4216791950,1.7,3621,6.6
2020,15000,Hawaii,560156,45799,32451978420,57934,1114,-98889,-15.0,-2270170538,-6.5,5248,10.0
2020,16000,Idaho,748123,69408,35673989108,47685,917,-4228,-0.6,2371828795,7.1,3421,7.7
2020,17000,Illinois,5570198,376773,369188946421,66279,1275,-425707,-7.1,10339446,0.0,4707,7.6
2020,18000,Indiana,2918792,172647,151652077962,51957,999,-158975,-5.2,1478920198,1.0,3164,6.5
2020,19000,Iowa,1475704,105097,77227771507,52333,1006,-77646,-5.0,1623830270,2.1,3661,7.5
2020,20000,Kansas,1328640,87594,68411637435,51490,990,-64544,-4.6,1454885669,2.2,3430,7.1
2020,21000,Kentucky,1792596,127482,91053264521,50794,977,-105300,-5.5,480908661,0.5,3071,6.4
2020,22000,Louisiana,1780574,138317,92525319173,51964,999,-143251,-7.4,-2291701209,-2.4,2678,5.4
2020,23000,Maine,584271,54303,30353986828,51952,999,-37420,-6.0,1017672415,3.5,4764,10.1
2020,24000,Maryland,2512624,174807,173067172644,68879,1325,-185489,-6.9,3151475089,1.9,5903,9.4
2020,25000,Massachusetts,3324192,262946,278359819682,83738,1610,-312425,-8.6,4146138706,1.5,8334,11.1
2020,26000,Michigan,3968230,267166,235839140578,59432,1143,-389937,-8.9,-3738957600,-1.6,4460,8.1
2020,27000,Minnesota,2705651,181960,173678663297,64191,1234,-196574,-6.8,619998257,0.4,4561,7.6
2020,28000,Mississippi,1089821,74436,47104046906,43222,831,-45777,-4.0,900127217,1.9,2535,6.2
2020,29000,Missouri,2675116,217324,144578474861,54046,1039,-137772,-4.9,2426047189,1.7,3510,6.9
2020,30000,Montana,456631,52600,22120672538,48443,932,-13894,-3.0,1002256761,4.7,3560,7.9
2020,31000,Nebraska,948137,70438,48817882476,51488,990,-34367,-3.5,1801138360,3.8,3634,7.6
2020,32000,Nevada,1265675,86819,70872304560,55996,1077,-143078,-10.2,-1568903596,-2.2,4574,8.9
2020,33000,New Hampshire,624550,55285,40525862332,64888,1248,-40770,-6.1,1490849239,3.8,6217,10.6
2020,34000,New Jersey,3751355,283231,277504428016,73974,1423,-331659,-8.1,2456103021,0.9,6610,9.8
2020,35000,New Mexico,781771,63576,39376665493,50369,969,-54903,-6.6,16707475,0.0,3326,7.1
2020,36000,New York,8585181,651911,713621279260,83122,1599,-957718,-10.0,-5579677915,-0.8,7757,10.3
2020,37000,North Carolina,4323325,298506,243032109324,56214,1081,-175247,-3.9,7400694835,3.1,3835,7.3
2020,38000,North Dakota,395956,32401,21961709732,55465,1067,-26881,-6.4,-914548677,-4.0,1363,2.5
2020,39000,Ohio,5123767,305255,286277455829,55872,1074,-315585,-5.8,2751665202,1.0,3747,7.2
2020,40000,Oklahoma,1549993,112637,76826281733,49566,953,-72065,-4.4,-1070610855,-1.4,1543,3.2
2020,41000,Oregon,1836208,162751,110059226130,59938,1153,-117259,-6.0,2573089688,2.4,4915,8.9
2020,42000,Pennsylvania,5488591,361303,340560852256,62049,1193,-436997,-7.4,-144589985,0.0,4552,7.9
2020,44000,Rhode Island,444432,39966,26891799820,60508,1164,-41206,-8.5,221743422,0.8,5590,10.2
2020,45000,South Carolina,2028041,145770,100497483432,49554,953,-101230,-4.8,1735731009,1.8,3171,6.8
2020,46000,South Dakota,417092,35005,20507067901,49167,946,-13025,-3.0,1087440725,5.6,4017,8.9
2020,47000,Tennessee,2916181,172474,160789566437,55137,1060,-116712,-3.8,3982874191,2.5,3435,6.6
2020,48000,Texas,12070210,737064,758879179884,62872,1209,-520196,-4.1,6051630178,0.8,3078,5.1
2020,49000,Utah,1504751,112985,82595849216,54890,1056,-15937,-1.0,5396761405,7.0,4124,8.1
2020,50000,Vermont,283506,26324,15333260261,54084,1040,-27105,-8.7,8776877,0.1,4747,9.6
2020,51000,Virginia,3743712,282884,243935486612,65159,1253,-195129,-5.0,6816209479,2.9,4959,8.2
2020,53000,Washington,3258164,268793,250198679935,76791,1477,-180994,-5.3,10857267323,4.5,7198,10.3
2020,54000,West Virginia,642018,51432,31292852070,48741,937,-46743,-6.8,-816014823,-2.5,2123,4.6
2020,55000,Wisconsin,2730289,178133,146914577198,53809,1035,-156729,-5.4,1372741658,0.9,3396,6.7
2020,56000,Wyoming,260977,27302,13306286278,50986,981,-16137,-5.8,-516272866,-3.7,1106,2.2
2021,01000,Alabama,1965189,139675,106823782085,54358,1045,56044,2.9,7148069009,7.2,2148,4.1
2021,02000,Alaska,305145,23491,19126845955,62681,1205,7716,2.6,766422367,4.2,951,1.5
2021,04000,Arizona,2935150,184198,181245016549,61750,1187,111390,3.9,16262621384,9.9,3324,5.7
2021,05000,Arkansas,1203304,95817,61993361459,51519,991,28672,2.4,4821316852,8.4,2847,5.8
2021,06000,California,16974870,1656986,1455433847557,85741,1649,596811,3.6,153700965625,11.8,6261,7.9
2021,08000,Colorado,2699891,229466,190513234792,70563,1357,97520,3.7,17067105606,9.8,3914,5.9
2021,09000,Connecticut,1591093,131105,123849880032,77840,1497,45755,3.0,7459800329,6.4,2523,3.3
2021,10000,Delaware,441668,36697,28480479390,64484,1240,15007,3.5,1830553361,6.9,2022,3.2
2021,11000,District of Columbia,725826,44401,81399706788,112148,2157,-257,0.0,3654763386,4.7,5073,4.7
2021,12000,Florida,8859821,798225,534033357000,60276,1159,411864,4.9,62065779207,13.2,4408,7.9
2021,13000,Georgia,4475118,336795,278540607361,62242,1197,167979,3.9,24921058160,9.8,3358,5.7
2021,15000,Hawaii,588086,48028,35075731287,59644,1147,27930,5.0,2623752867,8.1,1710,3.0
2021,16000,Idaho,790424,78581,40109237593,50744,976,42301,5.7,4435248485,12.4,3059,6.4
2021,17000,Illinois,5694355,386892,399327685925,70127,1349,124157,2.2,30138739504,8.2,3848,5.8
2021,18000,Indiana,3010658,178700,165490502583,54968,1057,91866,3.1,13838424621,9.1,3011,5.8
2021,19000,Iowa,1505989,106731,81765142667,54293,1044,30285,2.1,4537371160,5.9,1960,3.7
2021,20000,Kansas,1353532,90138,72308946767,53422,1027,24892,1.9,3897309332,5.7,1932,3.8
2021,21000,Kentucky,1857636,134031,98198258005,52862,1017,65040,3.6,7144993484,7.8,2068,4.1
2021,22000,Louisiana,1816296,143084,97785194949,53838,1035,35722,2.0,5259875776,5.7,1874,3.6
2021,23000,Maine,610111,58119,33343143368,54651,1051,25840,4.4,2989156540,9.8,2699,5.2
2021,24000,Maryland,2581194,176625,185039554020,71688,1379,68570,2.7,11972381376,6.9,2809,4.1
2021,25000,Massachusetts,3456005,276708,303270867797,87752,1688,131813,4.0,24911048115,8.9,4014,4.8
2021,26000,Michigan,4132277,272627,254890471656,61683,1186,164047,4.1,19051331078,8.1,2251,3.8
2021,27000,Minnesota,2774861,185787,185939895287,67009,1289,69210,2.6,12261231990,7.1,2818,4.4
2021,28000,Mississippi,1117423,76380,50236740695,44958,865,27602,2.5,3132693789,6.7,1736,4.0
2021,29000,Missouri,2741069,220161,154750256125,56456,1086,65953,2.5,10171781264,7.0,2410,4.5
2021,30000,Montana,478523,55176,24557380709,51319,987,21892,4.8,2436708171,11.0,2876,5.9
2021,31000,Nebraska,965748,75199,52008171437,53853,1036,17611,1.9,3190288961,6.5,2365,4.6
2021,32000,Nevada,1357630,94056,80728404830,59463,1144,91955,7.3,9856100270,13.9,3467,6.2
2021,33000,New Hampshire,649187,58684,46782688734,72063,1386,24637,3.9,6256826402,15.4,7175,11.1
2021,34000,New Jersey,3926845,296815,299773843037,76340,1468,175490,4.7,22269415021,8.0,2366,3.2
2021,35000,New Mexico,796691,64666,41843991218,52522,1010,14920,1.9,2467325725,6.3,2153,4.3
2021,36000,New York,8817105,661848,776214018526,88035,1693,231924,2.7,62592739266,8.8,4913,5.9
2021,37000,North Carolina,4509160,315112,268717684355,59594,1146,185835,4.3,25685575031,10.6,3380,6.0
2021,38000,North Dakota,400472,32837,22767253306,56851,1093,4516,1.1,805543574,3.7,1386,2.5
2021,39000,Ohio,5246891,315104,306154392599,58350,1122,123124,2.4,19876936770,6.9,2478,4.4
2021,40000,Oklahoma,1571737,115892,80656293266,51317,987,21744,1.4,3830011533,5.0,1751,3.5
2021,41000,Oregon,1881040,171347,120366173216,63989,1231,44832,2.4,10306947086,9.4,4051,6.8
2021,42000,Pennsylvania,5650325,369368,365559313786,64697,1244,161734,2.9,24998461530,7.3,2648,4.3
2021,44000,Rhode Island,463776,42938,28883768472,62280,1198,19344,4.4,1991968652,7.4,1772,2.9
2021,45000,South Carolina,2093950,152259,109503122868,52295,1006,65909,3.2,9005639436,9.0,2741,5.5
2021,46000,South Dakota,430806,36635,22080580404,51254,986,13714,3.3,1573512503,7.7,2087,4.2
2021,47000,Tennessee,3016458,185336,178413205281,59147,1137,100277,3.4,17623638844,11.0,4010,7.3
2021,48000,Texas,12526069,769389,826343142272,65970,1269,455859,3.8,67463962388,8.9,3098,4.9
2021,49000,Utah,1583748,121471,91599721263,57837,1112,78997,5.2,9003872047,10.9,2947,5.4
2021,50000,Vermont,291663,27902,16419529840,56296,1083,8157,2.9,1086269579,7.1,2212,4.1
2021,51000,Virginia,3838861,297191,261002322284,67990,1307,95149,2.5,17066835672,7.0,2831,4.3
2021,53000,Washington,3352607,272781,276514659439,82477,1586,94443,2.9,26315979504,10.5,5686,7.4
2021,54000,West Virginia,657806,53542,33217958335,50498,971,15788,2.5,1925106265,6.2,1757,3.6
2021,55000,Wisconsin,2800269,185829,157794106881,56350,1084,69980,2.6,10879529683,7.4,2541,4.7
2021,56000,Wyoming,265714,28254,14088804732,53022,1020,4737,1.8,782518454,5.9,2036,4.0
2022,01000,Alabama,2026102,148979,116114501322,57309,1102,60913,3.1,9290719237,8.7,2951,5.4
2022,02000,Alaska,313959,24304,20506548518,65316,1256,8814,2.9,1379702563,7.2,2635,4.2
2022,04000,Arizona,3075427,206036,199080592068,64733,1245,140277,4.8,17835575519,9.8,2983,4.8
2022,05000,Arkansas,1248972,99083,67487194534,54034,1039,45668,3.8,5493833075,8.9,2515,4.9
2022,06000,California,17903539,1706672,1511706499616,84436,1624,928669,5.5,56272652059,3.9,-1305,-1.5
2022,08000,Colorado,2814975,245462,209525595728,74432,1431,115084,4.3,19012360936,10.0,3869,5.5
2022,09000,Connecticut,1642536,139569,133435177000,81237,1562,51443,3.2,9585296968,7.7,3397,4.4
2022,10000,Delaware,459114,40783,31135319406,67816,1304,17446,4.0,2654840016,9.3,3332,5.2
2022,11000,District of Columbia,748737,48564,85292017491,113915,2191,22911,3.2,3892310703,4.8,1767,1.6
2022,12000,Florida,9358228,851834,596787621283,63771,1226,498407,5.6,62754264283,11.8,3495,5.8
2022,13000,Georgia,4705337,379261,308887652799,65646,1262,230219,5.1,30347045438,10.9,3404,5.5
2022,15000,Hawaii,619985,52277,38118832863,61483,1182,31899,5.4,3043101576,8.7,1839,3.1
2022,16000,Idaho,820860,86960,44519838601,54236,1043,30436,3.9,4410601008,11.0,3492,6.9
2022,17000,Illinois,5918832,396328,430630328650,72756,1399,224477,3.9,31302642725,7.8,2629,3.7
2022,18000,Indiana,3113419,186186,180739411695,58052,1116,102761,3.4,15248909112,9.2,3084,5.6
2022,19000,Iowa,1536997,110664,88188794443,57377,1103,31008,2.1,6423651776,7.9,3084,5.7
2022,20000,Kansas,1390817,93245,78133006997,56178,1080,37285,2.8,5824060230,8.1,2756,5.2
2022,21000,Kentucky,1920456,142835,107166118478,55802,1073,62820,3.4,8967860473,9.1,2940,5.6
2022,22000,Louisiana,1865592,148968,105548154684,56576,1088,49296,2.7,7762959735,7.9,2738,5.1
2022,23000,Maine,626520,62073,36422150154,58134,1118,16409,2.7,3079006786,9.2,3483,6.4
2022,24000,Maryland,2641021,189482,194554851079,73667,1417,59827,2.3,9515297059,5.1,1979,2.8
2022,25000,Massachusetts,3595632,290030,322887590960,89800,1727,139627,4.0,19616723163,6.5,2048,2.3
2022,26000,Michigan,4300943,295486,274749172054,63881,1228,168666,4.1,19858700398,7.8,2198,3.6
2022,27000,Minnesota,2853966,199953,198988960543,69724,1341,79105,2.9,13049065256,7.0,2715,4.1
2022,28000,Mississippi,1145453,81283,54325141193,47427,912,28030,2.5,4088400498,8.1,2469,5.5
2022,29000,Missouri,2821194,233707,167083291230,59224,1139,80125,2.9,12333035105,8.0,2768,4.9
2022,30000,Montana,496227,60113,27051529275,54514,1048,17704,3.7,2494148566,10.2,3195,6.2
2022,31000,Nebraska,983968,77289,56358007154,57276,1101,18220,1.9,4349835717,8.4,3423,6.4
2022,32000,Nevada,1471888,104801,91213249325,61970,1192,114258,8.4,10484844495,13.0,2507,4.2
2022,33000,New Hampshire,670645,62481,48453603975,72249,1389,21458,3.3,1670915241,3.6,186,0.3
2022,34000,New Jersey,4134620,312976,324843276310,78567,1511,207775,5.3,25069433273,8.4,2227,2.9
2022,35000,New Mexico,832863,67746,46025577845,55262,1063,36172,4.5,4181586627,10.0,2740,5.2
2022,36000,New York,9264611,685875,829668258576,89552,1722,447506,5.1,53454240050,6.9,1517,1.7
2022,37000,North Carolina,4699554,347032,297095798677,63218,1216,190394,4.2,28378114322,10.6,3624,6.1
2022,38000,North Dakota,411307,34205,24766720598,60215,1158,10835,2.7,1999467292,8.8,3364,5.9
2022,39000,Ohio,5392612,328186,328918883214,60994,1173,145721,2.8,22764490615,7.4,2644,4.5
2022,40000,Oklahoma,1624905,123132,87732268805,53992,1038,53168,3.4,7075975539,8.8,2675,5.2
2022,41000,Oregon,1950774,183124,129359343576,66312,1275,69734,3.7,8993170360,7.5,2323,3.6
2022,42000,Pennsylvania,5863233,384170,394481735744,67281,1294,212908,3.8,28922421958,7.9,2584,4.0
2022,44000,Rhode Island,481342,46162,31046233006,64499,1240,17566,3.8,2162464534,7.5,2219,3.6
2022,45000,South Carolina,2181593,166335,121189348601,55551,1068,87643,4.2,11686225733,10.7,3256,6.2
2022,46000,South Dakota,443127,38716,23953214625,54055,1040,12321,2.9,1872634221,8.5,2801,5.5
2022,47000,Tennessee,3157887,202240,196114305833,62103,1194,141429,4.7,17701100552,9.9,2956,5.0
2022,48000,Texas,13249119,805090,922330629814,69614,1339,723050,5.8,95987487542,11.6,3644,5.5
2022,49000,Utah,1651243,132187,101012234502,61173,1176,67495,4.3,9412513239,10.3,3336,5.8
2022,50000,Vermont,301271,29980,17956592685,59603,1146,9608,3.3,1537062845,9.4,3307,5.9
2022,51000,Virginia,3958628,327821,281591162795,71134,1368,119767,3.1,20588840511,7.9,3144,4.6
2022,53000,Washington,3512268,257122,295064950481,84010,1616,159661,4.8,18550291042,6.7,1533,1.9
2022,54000,West Virginia,673782,55711,35817336999,53159,1022,15976,2.4,2599378664,7.8,2661,5.3
2022,55000,Wisconsin,2877343,197207,170346234568,59203,1139,77074,2.8,12552127687,8.0,2853,5.1
2022,56000,Wyoming,272234,29595,15332174722,56320,1083,6520,2.5,1243369990,8.8,3298,6.2
2023,01000,Alabama,2075785,156469,124099716050,59784,1150,49683,2.5,7985214728,6.9,2475,4.3
2023,02000,Alaska,322800,25004,22200923937,68776,1323,8841,2.8,1694375419,8.3,3460,5.3
2023,04000,Arizona,3164081,220695,212537197010,67172,1292,88654,2.9,13456604942,6.8,2439,3.8
2023,05000,Arkansas,1278470,102529,71201107837,55692,1071,29498,2.4,3713913303,5.5,1658,3.1
2023,06000,California,18002893,1751430,1575072077587,87490,1682,99354,0.6,63365577971,4.2,3054,3.6
2023,08000,Colorado,2882674,258519,222294757134,77114,1483,67699,2.4,12769161406,6.1,2682,3.6
2023,09000,Connecticut,1668508,147393,139770021285,83769,1611,25972,1.6,6334844285,4.7,2532,3.1
2023,10000,Delaware,469362,43537,32556919435,69364,1334,10248,2.2,1421600029,4.6,1548,2.3
2023,11000,District of Columbia,757754,51503,89330465714,117888,2267,9017,1.2,4038448223,4.7,3973,3.5
2023,12000,Florida,9680319,879046,643116297058,66435,1278,322091,3.4,46328675775,7.8,2664,4.2
2023,13000,Georgia,4808000,387003,324814554113,67557,1299,102663,2.2,15926901314,5.2,1911,2.9
2023,15000,Hawaii,633890,56668,40700323420,64207,1235,13905,2.2,2581490557,6.8,2724,4.4
2023,16000,Idaho,842561,93760,47436605206,56300,1083,21701,2.6,2916766605,6.6,2064,3.8
2023,17000,Illinois,6013493,399215,448799509778,74632,1435,94661,1.6,18169181128,4.2,1876,2.6
2023,18000,Indiana,3157809,189259,188413486946,59666,1147,44390,1.4,7674075251,4.2,1614,2.8
2023,19000,Iowa,1556484,111045,92398336035,59363,1142,19487,1.3,4209541592,4.8,1986,3.5
2023,20000,Kansas,1417023,96521,82754387459,58400,1123,26206,1.9,4621380462,5.9,2222,4.0
2023,21000,Kentucky,1967892,152145,114538732141,58204,1119,47436,2.5,7372613663,6.9,2402,4.3
2023,22000,Louisiana,1893810,153869,111857874313,59065,1136,28218,1.5,6309719629,6.0,2489,4.4
2023,23000,Maine,639695,64082,38591749231,60328,1160,13175,2.1,2169599077,6.0,2194,3.8
2023,24000,Maryland,2705183,190185,205735083094,76052,1463,64162,2.4,11180232015,5.7,2385,3.2
2023,25000,Massachusetts,3636169,292076,332754088511,91512,1760,40537,1.1,9866497551,3.1,1712,1.9
2023,26000,Michigan,4381528,323687,288745944606,65901,1267,80585,1.9,13996772552,5.1,2020,3.2
2023,27000,Minnesota,2904510,208347,207736852817,71522,1375,50544,1.8,8747892274,4.4,1798,2.6
2023,28000,Mississippi,1160807,86648,57027937305,49128,945,15354,1.3,2702796112,5.0,1701,3.6
2023,29000,Missouri,2875146,246801,177419116713,61708,1187,53952,1.9,10335825483,6.2,2484,4.2
2023,30000,Montana,506789,65848,29006464921,57236,1101,10562,2.1,1954935646,7.2,2722,5.0
2023,31000,Nebraska,1008194,76887,59659365179,59175,1138,24226,2.5,3301358025,5.9,1899,3.3
2023,32000,Nevada,1522612,108736,97131815330,63793,1227,50724,3.4,5918566005,6.5,1823,2.9
2023,33000,New Hampshire,682299,65193,50794046672,74445,1432,11654,1.7,2340442697,4.8,2196,3.0
2023,34000,New Jersey,4210540,319347,339244689724,80570,1549,75920,1.8,14401413414,4.4,2003,2.5
2023,35000,New Mexico,856286,67372,49759156177,58110,1118,23423,2.8,3733578332,8.1,2848,5.2
2023,36000,New York,9471806,697833,865991946299,91428,1758,207195,2.2,36323687723,4.4,1876,2.1
2023,37000,North Carolina,4830118,374991,316970587546,65624,1262,130564,2.8,19874788869,6.7,2406,3.8
2023,38000,North Dakota,421639,35589,26698696447,63321,1218,10332,2.5,1931975849,7.8,3106,5.2
2023,39000,Ohio,5480035,336491,345699536711,63083,1213,87423,1.6,16780653497,5.1,2089,3.4
2023,40000,Oklahoma,1671928,129635,94195909178,56340,1083,47023,2.9,6463640373,7.4,2348,4.3
2023,41000,Oregon,1988670,192214,135792012606,68283,1313,37896,1.9,6432669030,5.0,1971,3.0
2023,42000,Pennsylvania,5963389,385940,412965054763,69250,1332,100156,1.7,18483319019,4.7,1969,2.9
2023,44000,Rhode Island,488211,48204,32283239979,66126,1272,6869,1.4,1237006973,4.0,1627,2.5
2023,45000,South Carolina,2243194,177647,129952669409,57932,1114,61601,2.8,8763320808,7.2,2381,4.3
2023,46000,South Dakota,452705,39657,25381664580,56067,1078,9578,2.2,1428449955,6.0,2012,3.7
2023,47000,Tennessee,3232182,219965,209179019216,64718,1245,74295,2.4,13064713383,6.7,2615,4.2
2023,48000,Texas,13701879,831701,990887554535,72318,1391,452760,3.4,68556924721,7.4,2704,3.9
2023,49000,Utah,1690802,135615,107964286724,63854,1228,39559,2.4,6952052222,6.9,2681,4.4
2023,50000,Vermont,306971,31380,18974922535,61813,1189,5700,1.9,1018329850,5.7,2210,3.7
2023,51000,Virginia,4048912,320770,300645772122,74253,1428,90284,2.3,19054609327,6.8,3119,4.4
2023,53000,Washington,3577580,229290,316826175584,88559,1703,65312,1.9,21761225103,7.4,4549,5.4
2023,54000,West Virginia,686477,59270,38418362917,55964,1076,12695,1.9,2601025918,7.3,2805,5.3
2023,55000,Wisconsin,2922297,199130,178472723339,61073,1174,44954,1.6,8126488771,4.8,1870,3.2
2023,56000,Wyoming,278739,30169,16467878242,59080,1136,6505,2.4,1135703520,7.4,2760,4.9
2024,01000,Alabama,2105674,160887,130644817070,62044,1193,29889,1.4,6545101020,5.3,2260,3.8
2024,02000,Alaska,329164,25107,23654172459,71861,1382,6364,2.0,1453248522,6.5,3085,4.5
2024,04000,Arizona,3222450,225488,226880878206,70406,1354,58369,1.8,14343681196,6.7,3234,4.8
2024,05000,Arkansas,1295577,103755,75659065447,58398,1123,17107,1.3,4457957610,6.3,2706,4.9
2024,06000,California,18183696,1850051,1675532109291,92145,1772,180803,1.0,100460031704,6.4,4655,5.3
2024,08000,Colorado,2897901,249868,232663217178,80287,1544,15227,0.5,10368460044,4.7,3173,4.1
2024,09000,Connecticut,1683378,148930,147322927878,87516,1683,14870,0.9,7552906593,5.4,3747,4.5
2024,10000,Delaware,477336,45792,34562814160,72408,1392,7974,1.7,2005894725,6.2,3044,4.4
2024,11000,District of Columbia,759666,52240,93430310874,122989,2365,1912,0.3,4099845160,4.6,5101,4.3
2024,12000,Florida,9836491,881921,683345299581,69470,1336,156172,1.6,40229002523,6.3,3035,4.6
2024,13000,Georgia,4862001,391882,343289373313,70607,1358,54001,1.1,18474819200,5.7,3050,4.5
2024,15000,Hawaii,639801,59537,43100811312,67366,1295,5911,0.9,2400487892,5.9,3159,4.9
2024,16000,Idaho,858504,102742,51142828893,59572,1146,15943,1.9,3706223687,7.8,3272,5.8
2024,17000,Illinois,6043357,396712,466889338969,77257,1486,29864,0.5,18089829191,4.0,2625,3.5
2024,18000,Indiana,3179542,191858,199443789313,62727,1206,21733,0.7,11030302367,5.9,3061,5.1
2024,19000,Iowa,1562561,111801,95858841102,61347,1180,6077,0.4,3460505067,3.7,1984,3.3
2024,20000,Kansas,1429358,100000,86874025953,60778,1169,12335,0.9,4119638494,5.0,2378,4.1
2024,21000,Kentucky,1988347,158455,120157645987,60431,1162,20455,1.0,5618913846,4.9,2227,3.8
2024,22000,Louisiana,1920359,155054,117686686431,61284,1179,26549,1.4,5828812118,5.2,2219,3.8
2024,23000,Maine,648874,65438,41021554388,63220,1216,9179,1.4,2429805157,6.3,2892,4.8
2024,24000,Maryland,2768546,196050,218551138049,78941,1518,63363,2.3,12816054955,6.2,2889,3.8
2024,25000,Massachusetts,3644805,283752,350297569780,96109,1848,8636,0.2,17543481269,5.3,4597,5.0
2024,26000,Michigan,4407319,300662,300936485745,68281,1313,25791,0.6,12190541139,4.2,2380,3.6
2024,27000,Minnesota,2932411,212736,217645492129,74221,1427,27901,1.0,9908639312,4.8,2699,3.8
2024,28000,Mississippi,1167716,89321,59514155914,50966,980,6909,0.6,2486218609,4.4,1838,3.7
2024,29000,Missouri,2898179,243130,185299695576,63937,1230,23033,0.8,7880578863,4.4,2229,3.6
2024,30000,Montana,512774,63895,30785896228,60038,1155,5985,1.2,1779431307,6.1,2802,4.9
2024,31000,Nebraska,1018759,76834,62195592757,61050,1174,10565,1.0,2536227578,4.3,1875,3.2
2024,32000,Nevada,1551426,107931,104088954588,67092,1290,28814,1.9,6957139258,7.2,3299,5.2
2024,33000,New Hampshire,687990,66884,53262728328,77418,1489,5691,0.8,2468681656,4.9,2973,4.0
2024,34000,New Jersey,4252229,325936,354353274228,83334,1603,41689,1.0,15108584504,4.5,2764,3.4
2024,35000,New Mexico,869987,68556,52990725163,60910,1171,13701,1.6,3231568986,6.5,2800,4.8
2024,36000,New York,9705821,707640,922852562146,95082,1829,234015,2.5,56860615847,6.6,3654,4.0
2024,37000,North Carolina,4901211,376914,336814764960,68721,1322,71093,1.5,19844177414,6.3,3097,4.7
2024,38000,North Dakota,428692,36563,28162528472,65694,1263,7053,1.7,1463832025,5.5,2373,3.7
2024,39000,Ohio,5520656,343272,363796322928,65897,1267,40621,0.7,18096786217,5.2,2814,4.5
2024,40000,Oklahoma,1692477,129149,99332314959,58691,1129,20549,1.2,5136405781,5.5,2351,4.2
2024,41000,Oregon,1994161,186601,142209031599,71313,1371,5491,0.3,6417018993,4.7,3030,4.4
2024,42000,Pennsylvania,6019836,388411,431766091531,71724,1379,56447,0.9,18801036768,4.6,2474,3.6
2024,44000,Rhode Island,495179,49013,33815492102,68289,1313,6968,1.4,1532252123,4.7,2163,3.3
2024,45000,South Carolina,2284611,190505,139385991843,61011,1173,41417,1.8,9433322434,7.3,3079,5.3
2024,46000,South Dakota,458558,40306,26736709306,58306,1121,5853,1.3,1355044726,5.3,2239,4.0
2024,47000,Tennessee,3270771,227134,220550928201,67431,1297,38589,1.2,11371908985,5.4,2713,4.2
2024,48000,Texas,13936364,846066,1050719656261,75394,1450,234485,1.7,59832101726,6.0,3076,4.3
2024,49000,Utah,1714013,139514,114656429397,66894,1286,23211,1.4,6692142673,6.2,3040,4.8
2024,50000,Vermont,309138,32245,19928789617,64466,1240,2167,0.7,953867082,5.0,2653,4.3
2024,51000,Virginia,4106139,317533,318926582466,77671,1494,57227,1.4,18280810344,6.1,3418,4.6
2024,53000,Washington,3594439,237649,341418489978,94985,1827,16859,0.5,24592314394,7.8,6426,7.3
2024,54000,West Virginia,695658,61700,40543189990,58280,1121,9181,1.3,2124827073,5.5,2316,4.1
2024,55000,Wisconsin,2944347,203377,186849296448,63460,1220,22050,0.8,8376573109,4.7,2387,3.9
2024,56000,Wyoming,282194,30572,17393152615,61635,1185,3455,1.2,925274373,5.6,2555,4.3
2025,01000,Alabama,2118878,164183,136622236995,64479,1240,13204,0.6,5977419925,4.6,2435,3.9
2025,02000,Alaska,332544,25169,25070867170,75391,1450,3380,1.0,1416694711,6.0,3530,4.9
2025,04000,Arizona,3234783,225937,235795091727,72894,1402,12333,0.4,8914213521,3.9,2488,3.5
2025,05000,Arkansas,1305532,109976,79835398745,61152,1176,9955,0.8,4176333298,5.5,2754,4.7
2025,06000,California,18210243,1877156,1765717046977,96963,1865,26547,0.1,90184937686,5.4,4818,5.2
2025,08000,Colorado,2891626,250068,243339748644,84153,1618,-6275,-0.2,10676531466,4.6,3866,4.8
2025,09000,Connecticut,1691734,149082,153917531079,90982,1750,8356,0.5,6594603201,4.5,3466,4.0
2025,10000,Delaware,481552,47742,36436814146,75665,1455,4216,0.9,1873999986,5.4,3257,4.5
2025,11000,District of Columbia,741646,51277,95598583370,128901,2479,-18020,-2.4,2168272496,2.3,5912,4.8
2025,12000,Florida,9914411,868046,721495014076,72772,1399,77920,0.8,38149714495,5.6,3302,4.8
2025,13000,Georgia,4890150,395028,357138673402,73032,1404,28149,0.6,13849300089,4.0,2425,3.4
2025,15000,Hawaii,644391,61753,45525486264,70649,1359,4590,0.7,2424674952,5.6,3283,4.9
2025,16000,Idaho,874283,101834,54548653309,62392,1200,15779,1.8,3405824416,6.7,2820,4.7
2025,17000,Illinois,6067518,379658,485634147987,80038,1539,24161,0.4,18744809018,4.0,2781,3.6
2025,18000,Indiana,3190325,195772,207586224786,65067,1251,10783,0.3,8142435473,4.1,2340,3.7
2025,19000,Iowa,1558465,111274,98914794346,63469,1221,-4096,-0.3,3055953244,3.2,2122,3.5
2025,20000,Kansas,1432626,98159,90559045553,63212,1216,3268,0.2,3685019600,4.2,2434,4.0
2025,21000,Kentucky,1990460,161190,124445418661,62521,1202,2113,0.1,4287772674,3.6,2090,3.5
2025,22000,Louisiana,1928041,157334,121639732272,63090,1213,7682,0.4,3953045841,3.4,1806,2.9
2025,23000,Maine,651181,66603,42839225561,65787,1265,2307,0.4,1817671173,4.4,2567,4.1
2025,24000,Maryland,2754961,199467,224635928330,81539,1568,-13585,-0.5,6084790281,2.8,2598,3.3
2025,25000,Massachusetts,3634042,295436,363713074410,100085,1925,-10763,-0.3,13415504630,3.8,3976,4.1
2025,26000,Michigan,4408446,314706,312157861563,70809,1362,1127,0.0,11221375818,3.7,2528,3.7
2025,27000,Minnesota,2944260,212524,226532659502,76940,1480,11849,0.4,8887167373,4.1,2719,3.7
2025,28000,Mississippi,1173251,90845,62443503824,53223,1024,5535,0.5,2929347910,4.9,2257,4.4
2025,29000,Missouri,2898452,254399,192628424250,66459,1278,273,0.0,7328728674,4.0,2522,3.9
2025,30000,Montana,512424,61060,32222262329,62882,1209,-350,-0.1,1436366101,4.7,2844,4.7
2025,31000,Nebraska,1021306,77604,64406601292,63063,1213,2547,0.3,2211008535,3.6,2013,3.3
2025,32000,Nevada,1569260,108001,109497203576,69776,1342,17834,1.1,5408248988,5.2,2684,4.0
2025,33000,New Hampshire,689026,66888,55736764724,80892,1556,1036,0.2,2474036396,4.6,3474,4.5
2025,34000,New Jersey,4282851,329088,369382337922,86247,1659,30622,0.7,15029063694,4.2,2913,3.5
2025,35000,New Mexico,875212,68693,55246761590,63124,1214,5225,0.6,2256036427,4.3,2214,3.6
2025,36000,New York,9791529,708524,978575377699,99941,1922,85708,0.9,55722815553,6.0,4859,5.1
2025,37000,North Carolina,4941383,359089,353473744541,71533,1376,40172,0.8,16658979581,4.9,2812,4.1
2025,38000,North Dakota,429567,36560,29030215738,67580,1300,875,0.2,867687266,3.1,1886,2.9
2025,39000,Ohio,5534587,347138,378001195705,68298,1313,13931,0.3,14204872777,3.9,2401,3.6
2025,40000,Oklahoma,1700650,129155,103733030071,60996,1173,8173,0.5,4400715112,4.4,2305,3.9
2025,41000,Oregon,1987730,177694,146507961844,73706,1417,-6431,-0.3,4298930245,3.0,2393,3.4
2025,42000,Pennsylvania,6053191,389774,449798849378,74308,1429,33355,0.6,18032757847,4.2,2584,3.6
2025,44000,Rhode Island,499321,49285,35513096068,71123,1368,4142,0.8,1697603966,5.0,2834,4.2
2025,45000,South Carolina,2320850,193664,147903759530,63728,1226,36239,1.6,8517767687,6.1,2717,4.5
2025,46000,South Dakota,460392,40814,27888086785,60575,1165,1834,0.4,1151377479,4.3,2269,3.9
2025,47000,Tennessee,3265460,214457,229916878357,70409,1354,-5311,-0.2,9365950156,4.2,2978,4.4
2025,48000,Texas,14109957,856979,1100070214085,77964,1499,173593,1.2,49350557824,4.7,2570,3.4
2025,49000,Utah,1741066,141305,120684040401,69316,1333,27053,1.6,6027611004,5.3,2422,3.6
2025,50000,Vermont,308225,33164,20727077271,67247,1293,-913,-0.3,798287654,4.0,2781,4.3
2025,51000,Virginia,4149424,319557,332341807166,80093,1540,43285,1.1,13415224700,4.2,2422,3.1
2025,53000,Washington,3601662,242344,358994454490,99675,1917,7223,0.2,17575964512,5.1,4690,4.9
2025,54000,West Virginia,695422,62518,41974743841,60359,1161,-236,0.0,1431553851,3.5,2079,3.6
2025,55000,Wisconsin,2945816,204200,194896465374,66160,1272,1469,0.0,8047168926,4.3,2700,4.3
2025,56000,Wyoming,282252,30752,17932783246,63535,1222,58,0.0,539630631,3.1,1900,3.1
